Index,Group,Word
0019,ポケモン２,ピカチュウ
001A,ポケモン２,ライチュウ
001B,ポケモン２,サンド
001C,ポケモン２,サンドパン
0025,ポケモン２,ロコン
0026,ポケモン２,キュウコン
0027,ポケモン２,プリン
0028,ポケモン２,プクリン
0029,ポケモン２,ズバット
002A,ポケモン２,ゴルバット
002B,ポケモン２,ナゾノクサ
002C,ポケモン２,クサイハナ
002D,ポケモン２,ラフレシア
0036,ポケモン２,コダック
0037,ポケモン２,ゴルダック
003F,ポケモン２,ケーシィ
0040,ポケモン２,ユンゲラー
0041,ポケモン２,フーディン
0042,ポケモン２,ワンリキー
0043,ポケモン２,ゴーリキー
0044,ポケモン２,カイリキー
0048,ポケモン２,メノクラゲ
0049,ポケモン２,ドククラゲ
004A,ポケモン２,イシツブテ
004B,ポケモン２,ゴローン
004C,ポケモン２,ゴローニャ
0051,ポケモン２,コイル
0052,ポケモン２,レアコイル
0054,ポケモン２,ドードー
0055,ポケモン２,ドードリオ
0058,ポケモン２,ベトベター
0059,ポケモン２,ベトベトン
0064,ポケモン２,ビリリダマ
0065,ポケモン２,マルマイン
006D,ポケモン２,ドガース
006E,ポケモン２,マタドガス
006F,ポケモン２,サイホーン
0070,ポケモン２,サイドン
0074,ポケモン２,タッツー
0075,ポケモン２,シードラ
0076,ポケモン２,トサキント
0077,ポケモン２,アズマオウ
0078,ポケモン２,ヒトデマン
0079,ポケモン２,スターミー
007F,ポケモン２,カイロス
0081,ポケモン２,コイキング
0082,ポケモン２,ギャラドス
00A9,ポケモン２,クロバット
00AA,ポケモン２,チョンチー
00AB,ポケモン２,ランターン
00AC,ポケモン２,ピチュー
00AE,ポケモン２,ププリン
00B1,ポケモン２,ネイティ
00B2,ポケモン２,ネイティオ
00B6,ポケモン２,キレイハナ
00B7,ポケモン２,マリル
00B8,ポケモン２,マリルリ
00CA,ポケモン２,ソーナンス
00CB,ポケモン２,キリンリキ
00D6,ポケモン２,ヘラクロス
00DA,ポケモン２,マグマッグ
00DB,ポケモン２,マグカルゴ
00DE,ポケモン２,サニーゴ
00E3,ポケモン２,エアームド
00E6,ポケモン２,キングドラ
00E7,ポケモン２,ゴマゾウ
00E8,ポケモン２,ドンファン
0115,ポケモン２,キモリ
0116,ポケモン２,ジュプトル
0117,ポケモン２,ジュカイン
0118,ポケモン２,アチャモ
0119,ポケモン２,ワカシャモ
011A,ポケモン２,バシャーモ
011B,ポケモン２,ミズゴロウ
011C,ポケモン２,ヌマクロー
011D,ポケモン２,ラグラージ
011E,ポケモン２,ポチエナ
011F,ポケモン２,グラエナ
0120,ポケモン２,ジグザグマ
0121,ポケモン２,マッスグマ
0122,ポケモン２,ケムッソ
0123,ポケモン２,カラサリス
0124,ポケモン２,アゲハント
0125,ポケモン２,マユルド
0126,ポケモン２,ドクケイル
0127,ポケモン２,ハスボー
0128,ポケモン２,ハスブレロ
0129,ポケモン２,ルンパッパ
012A,ポケモン２,タネボー
012B,ポケモン２,コノハナ
012C,ポケモン２,ダーテング
012D,ポケモン２,ツチニン
012E,ポケモン２,テッカニン
012F,ポケモン２,ヌケニン
0130,ポケモン２,スバメ
0131,ポケモン２,オオスバメ
0132,ポケモン２,キノココ
0133,ポケモン２,キノガッサ
0134,ポケモン２,パッチール
0135,ポケモン２,キャモメ
0136,ポケモン２,ペリッパー
0137,ポケモン２,アメタマ
0138,ポケモン２,アメモース
0139,ポケモン２,ホエルコ
013A,ポケモン２,ホエルオー
013B,ポケモン２,エネコ
013C,ポケモン２,エネコロロ
013D,ポケモン２,カクレオン
013E,ポケモン２,ヤジロン
013F,ポケモン２,ネンドール
0140,ポケモン２,ノズパス
0141,ポケモン２,コータス
0142,ポケモン２,ヤミラミ
0143,ポケモン２,ドジョッチ
0144,ポケモン２,ナマズン
0145,ポケモン２,ラブカス
0146,ポケモン２,ヘイガニ
0147,ポケモン２,シザリガー
0148,ポケモン２,ヒンバス
0149,ポケモン２,ミロカロス
014A,ポケモン２,キバニア
014B,ポケモン２,サメハダー
014C,ポケモン２,ナックラー
014D,ポケモン２,ビブラーバ
014E,ポケモン２,フライゴン
014F,ポケモン２,マクノシタ
0150,ポケモン２,ハリテヤマ
0151,ポケモン２,ラクライ
0152,ポケモン２,ライボルト
0153,ポケモン２,ドンメル
0154,ポケモン２,バクーダ
0155,ポケモン２,タマザラシ
0156,ポケモン２,トドグラー
0157,ポケモン２,トドゼルガ
0158,ポケモン２,サボネア
0159,ポケモン２,ノクタス
015A,ポケモン２,ユキワラシ
015B,ポケモン２,オニゴーリ
015C,ポケモン２,ルナトーン
015D,ポケモン２,ソルロック
015E,ポケモン２,ルリリ
015F,ポケモン２,バネブー
0160,ポケモン２,ブーピッグ
0161,ポケモン２,プラスル
0162,ポケモン２,マイナン
0163,ポケモン２,クチート
0164,ポケモン２,アサナン
0165,ポケモン２,チャーレム
0166,ポケモン２,チルット
0167,ポケモン２,チルタリス
0168,ポケモン２,ソーナノ
0169,ポケモン２,ヨマワル
016A,ポケモン２,サマヨール
016B,ポケモン２,ロゼリア
016C,ポケモン２,ナマケロ
016D,ポケモン２,ヤルキモノ
016E,ポケモン２,ケッキング
016F,ポケモン２,ゴクリン
0170,ポケモン２,マルノーム
0171,ポケモン２,トロピウス
0172,ポケモン２,ゴニョニョ
0173,ポケモン２,ドゴーム
0174,ポケモン２,バクオング
0175,ポケモン２,パールル
0176,ポケモン２,ハンテール
0177,ポケモン２,サクラビス
0178,ポケモン２,アブソル
0179,ポケモン２,カゲボウズ
017A,ポケモン２,ジュペッタ
017B,ポケモン２,ハブネーク
017C,ポケモン２,ザングース
017D,ポケモン２,ジーランス
017E,ポケモン２,ココドラ
017F,ポケモン２,コドラ
0180,ポケモン２,ボスゴドラ
0181,ポケモン２,ポワルン
0182,ポケモン２,バルビート
0183,ポケモン２,イルミーゼ
0184,ポケモン２,リリーラ
0185,ポケモン２,ユレイドル
0186,ポケモン２,アノプス
0187,ポケモン２,アーマルド
0188,ポケモン２,ラルトス
0189,ポケモン２,キルリア
018A,ポケモン２,サーナイト
018B,ポケモン２,タツベイ
018C,ポケモン２,コモルー
018D,ポケモン２,ボーマンダ
018E,ポケモン２,ダンバル
018F,ポケモン２,メタング
0190,ポケモン２,メタグロス
0191,ポケモン２,レジロック
0192,ポケモン２,レジアイス
0193,ポケモン２,レジスチル
0194,ポケモン２,カイオーガ
0195,ポケモン２,グラードン
0196,ポケモン２,レックウザ
0197,ポケモン２,ラティアス
0198,ポケモン２,ラティオス
0199,ポケモン２,ジラーチ
019A,ポケモン２,デオキシス
019B,ポケモン２,チリーン
0200,トレーナー,きみにきめた！
0201,トレーナー,ゲット
0202,トレーナー,こうかん
0203,トレーナー,サファイア
0204,トレーナー,しんか
0205,トレーナー,ずかん
0206,トレーナー,せいかく
0207,トレーナー,センター
0208,トレーナー,タマゴ
0209,トレーナー,つうしん
020A,トレーナー,とくせい
020B,トレーナー,トレーナー
020C,トレーナー,バージョン
020D,トレーナー,ポケナビ
020E,トレーナー,ポケモン
020F,トレーナー,ポケモンゲット
0210,トレーナー,ポケモンずかん
0211,トレーナー,ルビー
0212,トレーナー,レベル
0213,トレーナー,あか
0214,トレーナー,グリーン
0215,トレーナー,バッグ
0216,トレーナー,ファイア
0217,トレーナー,みどり
0218,トレーナー,リーフ
0219,トレーナー,レッド
0400,ステータス,あく
0401,ステータス,あくしゅう
0402,ステータス,あついしぼう
0403,ステータス,あめうけざら
0404,ステータス,あめふらし
0405,ステータス,ありじごく
0406,ステータス,いかく
0407,ステータス,いしあたま
0408,ステータス,いろ
0409,ステータス,いろちがい
040A,ステータス,いわ
040B,ステータス,うつくしい
040C,ステータス,うつくしさ
040D,ステータス,エアロック
040E,ステータス,エスパー
040F,ステータス,かいりきバサミ
0410,ステータス,かくとう
0411,ステータス,かげふみ
0412,ステータス,かしこい
0413,ステータス,かしこさ
0414,ステータス,かそく
0415,ステータス,かっこいい
0416,ステータス,かっこよさ
0417,ステータス,カブトアーマー
0418,ステータス,かわいい
0419,ステータス,かわいさ
041A,ステータス,がんじょう
041B,ステータス,きゅうばん
041C,ステータス,くさ
041D,ステータス,クリアボディ
041E,ステータス,げきりゅう
041F,ステータス,ゴースト
0420,ステータス,こおり
0421,ステータス,こんじょう
0422,ステータス,さめはだ
0423,ステータス,シェルアーマー
0424,ステータス,しぜんかいふく
0425,ステータス,しめりけ
0426,ステータス,じめん
0427,ステータス,じゅうなん
0428,ステータス,じりょく
0429,ステータス,しろいけむり
042A,ステータス,シンクロ
042B,ステータス,しんりょく
042C,ステータス,すいすい
042D,ステータス,すなおこし
042E,ステータス,すながくれ
042F,ステータス,するどいめ
0430,ステータス,せいしんりょく
0431,ステータス,せいでんき
0432,ステータス,タイプ
0433,ステータス,たくましい
0434,ステータス,たくましさ
0435,ステータス,だっぴ
0436,ステータス,ちからもち
0437,ステータス,ちくでん
0438,ステータス,ちょすい
0439,ステータス,でんき
043A,ステータス,てんきや
043B,ステータス,てんのめぐみ
043C,ステータス,どく
043D,ステータス,どくのトゲ
043E,ステータス,ドラゴン
043F,ステータス,トレース
0440,ステータス,どんかん
0441,ステータス,なまけ
0442,ステータス,にげあし
0443,ステータス,ねんちゃく
0444,ステータス,ノーてんき
0445,ステータス,ノーマル
0446,ステータス,はがね
0447,ステータス,はっこう
0448,ステータス,はやおき
0449,ステータス,はりきり
044A,ステータス,ひかる
044B,ステータス,ひこう
044C,ステータス,ひでり
044D,ステータス,ひらいしん
044E,ステータス,ふくがん
044F,ステータス,ふしぎなうろこ
0450,ステータス,ふしぎなまもり
0451,ステータス,ふみん
0452,ステータス,ふゆう
0453,ステータス,プラス
0454,ステータス,プレッシャー
0455,ステータス,ヘドロえき
0456,ステータス,へんしょく
0457,ステータス,ぼうおん
0458,ステータス,ほうし
0459,ステータス,ポケルス
045A,ステータス,ほのお
045B,ステータス,ほのおのからだ
045C,ステータス,マイナス
045D,ステータス,マイペース
045E,ステータス,マグマのよろい
045F,ステータス,みず
0460,ステータス,みずのベール
0461,ステータス,むし
0462,ステータス,むしのしらせ
0463,ステータス,メロメロボディ
0464,ステータス,めんえき
0465,ステータス,もうか
0466,ステータス,ものひろい
0467,ステータス,もよう
0468,ステータス,もらいび
0469,ステータス,やるき
046A,ステータス,ようりょくそ
046B,ステータス,ヨガパワー
046C,ステータス,りんぷん
0600,バトル,あいしょう
0601,バトル,いけ
0602,バトル,いちばん
0603,バトル,かくご
0604,バトル,かたせて
0605,バトル,かち
0606,バトル,かつ
0607,バトル,かった
0608,バトル,かったら
0609,バトル,かって
060A,バトル,かてない
060B,バトル,かてる
060C,バトル,かなわない
060D,バトル,きあい
060E,バトル,きめた
060F,バトル,きりふだ
0610,バトル,くらえ
0611,バトル,こい！
0612,バトル,こうげき
0613,バトル,こうさん
0614,バトル,こんじょう
0615,バトル,さいのう
0616,バトル,さくせん
0617,バトル,さばき
0618,バトル,しょうぶ
0619,バトル,しょうり
061A,バトル,せめ
061B,バトル,センス
061C,バトル,たいせん
061D,バトル,たたかい
061E,バトル,ちから
061F,バトル,チャレンジ
0620,バトル,つよい
0621,バトル,つよすぎ
0622,バトル,てかげん
0623,バトル,てき
0624,バトル,てんさい
0625,バトル,でんせつ
0626,バトル,にげ
0627,バトル,ねらう
0628,バトル,バトル
0629,バトル,ファイト
062A,バトル,ふっかつ
062B,バトル,ポイント
062C,バトル,ほんき
062D,バトル,まいった
062E,バトル,まけ
062F,バトル,まけたら
0630,バトル,まけて
0631,バトル,まける
0632,バトル,まもり
0633,バトル,みかた
0634,バトル,みとめない
0635,バトル,みとめる
0636,バトル,むてき
0637,バトル,もらった
0638,バトル,よゆう
0639,バトル,よわい
063A,バトル,よわすぎ
063B,バトル,らくしょう
063C,バトル,リーダー
063D,バトル,ルール
063E,バトル,わざ
0800,あいさつ,ありがとう
0801,あいさつ,イエス
0802,あいさつ,いくぜ
0803,あいさつ,いくよ
0804,あいさつ,いくわよ
0805,あいさつ,いやー
0806,あいさつ,いらっしゃい
0807,あいさつ,おーい
0808,あいさつ,おっす
0809,あいさつ,おめでとう
080A,あいさつ,ください
080B,あいさつ,ゴメン
080C,あいさつ,ごめんなさい
080D,あいさつ,ごめんね
080E,あいさつ,こらっ
080F,あいさつ,こんにちは
0810,あいさつ,さようなら
0811,あいさつ,サンキュー
0812,あいさつ,さんじょう
0813,あいさつ,しっけい
0814,あいさつ,しつれい
0815,あいさつ,じゃーね
0816,あいさつ,すみません
0817,あいさつ,それじゃ
0818,あいさつ,どうぞ
0819,あいさつ,どうも
081A,あいさつ,なあ
081B,あいさつ,なんじゃ
081C,あいさつ,ねえ
081D,あいさつ,ノー
081E,あいさつ,ハーイ
081F,あいさつ,はいはい
0820,あいさつ,バイバイ
0821,あいさつ,はじめまして
0822,あいさつ,ヘイ
0823,あいさつ,またね
0824,あいさつ,もしもし
0825,あいさつ,やあ
0826,あいさつ,やっほー
0827,あいさつ,よう
0828,あいさつ,ようこそ
0829,あいさつ,よろしく
0A00,ひと,あいて
0A01,ひと,あたし
0A02,ひと,あなた
0A03,ひと,あなたが
0A04,ひと,あなたに
0A05,ひと,あなたの
0A06,ひと,あなたは
0A07,ひと,あなたを
0A08,ひと,おかあさん
0A09,ひと,おじいさん
0A0A,ひと,おじさん
0A0B,ひと,おとうさん
0A0C,ひと,おとこのこ
0A0D,ひと,おとな
0A0E,ひと,おにいさん
0A0F,ひと,おねえさん
0A10,ひと,おばあさん
0A11,ひと,おばさん
0A12,ひと,おや
0A13,ひと,オヤジ
0A14,ひと,おれさま
0A15,ひと,おんなのこ
0A16,ひと,ガール
0A17,ひと,かぞく
0A18,ひと,かのじょ
0A19,ひと,かれ
0A1A,ひと,きみ
0A1B,ひと,きみが
0A1C,ひと,きみに
0A1D,ひと,きみの
0A1E,ひと,きみは
0A1F,ひと,きみを
0A20,ひと,きょうだい
0A21,ひと,くん
0A22,ひと,こども
0A23,ひと,さま
0A24,ひと,さん
0A25,ひと,じぶん
0A26,ひと,じぶんが
0A27,ひと,じぶんに
0A28,ひと,じぶんの
0A29,ひと,じぶんは
0A2A,ひと,じぶんを
0A2B,ひと,だれ
0A2C,ひと,だれか
0A2D,ひと,だれが
0A2E,ひと,だれに
0A2F,ひと,だれの
0A30,ひと,だれも
0A31,ひと,だれを
0A32,ひと,ちゃん
0A33,ひと,ともだち
0A34,ひと,なかま
0A35,ひと,ひと
0A36,ひと,ボーイ
0A37,ひと,ボク
0A38,ひと,ボクが
0A39,ひと,ボクに
0A3A,ひと,ボクの
0A3B,ひと,ボクは
0A3C,ひと,ボクを
0A3D,ひと,みんな
0A3E,ひと,みんなが
0A3F,ひと,みんなに
0A40,ひと,みんなの
0A41,ひと,みんなは
0A42,ひと,ライバル
0A43,ひと,わし
0A44,ひと,わたくし
0A45,ひと,わたし
0A46,ひと,わたしが
0A47,ひと,わたしに
0A48,ひと,わたしの
0A49,ひと,わたしは
0A4A,ひと,わたしを
0C00,こえ,！
0C01,こえ,！！
0C02,こえ,！？
0C03,こえ,？
0C04,こえ,…
0C05,こえ,…！
0C06,こえ,………
0C07,こえ,ー
0C08,こえ,ーーー
0C09,こえ,あーあ
0C0A,こえ,あーん
0C0B,こえ,あはは
0C0C,こえ,あら
0C0D,こえ,いえ
0C0E,こえ,うう
0C0F,こえ,うーん
0C10,こえ,うおー！
0C11,こえ,うおりゃー
0C12,こえ,うひょー
0C13,こえ,うふふ
0C14,こえ,うふん
0C15,こえ,うわー
0C16,こえ,うわーん
0C17,こえ,ええ
0C18,こえ,えー
0C19,こえ,えーん
0C1A,こえ,えへへ
0C1B,こえ,おい
0C1C,こえ,おお
0C1D,こえ,オー
0C1E,こえ,おっと
0C1F,こえ,がーん
0C20,こえ,キャー
0C21,こえ,ギャー
0C22,こえ,ぐふふ
0C23,こえ,げっ
0C24,こえ,ちぇっ
0C25,こえ,てへ
0C26,こえ,はぁー
0C27,こえ,はい
0C28,こえ,はっはっは
0C29,こえ,ひいー
0C2A,こえ,ひゃあ
0C2B,こえ,ふっふっふ
0C2C,こえ,ププ
0C2D,こえ,ふふん
0C2E,こえ,ふん
0C2F,こえ,へっへっへ
0C30,こえ,へへ
0C31,こえ,ほほほ
0C32,こえ,ほら
0C33,こえ,まあ
0C34,こえ,むきー！！
0C35,こえ,むふふ
0C36,こえ,むむ
0C37,こえ,よーし
0C38,こえ,よし！
0C39,こえ,ラララ
0C3A,こえ,わーい
0C3B,こえ,わーん！！
0C3C,こえ,ワオ
0C3D,こえ,わっ！！
0C3E,こえ,わははは！
0E00,かいわ,あのね
0E01,かいわ,あんまり
0E02,かいわ,いじわる
0E03,かいわ,うそ
0E04,かいわ,うむ
0E05,かいわ,おすすめ
0E06,かいわ,おばかさん
0E07,かいわ,かなり
0E08,かいわ,から
0E09,かいわ,きぶん
0E0A,かいわ,けど
0E0B,かいわ,こそ
0E0C,かいわ,こど
0E0D,かいわ,ザ
0E0E,かいわ,さあ
0E0F,かいわ,さっぱり
0E10,かいわ,さて
0E11,かいわ,じゅうぶん
0E12,かいわ,すごく
0E13,かいわ,すこしは
0E14,かいわ,ぜったい
0E15,かいわ,それで
0E16,かいわ,だけ
0E17,かいわ,だって
0E18,かいわ,たぶん
0E19,かいわ,たら
0E1A,かいわ,ちょー
0E1B,かいわ,ちょっと
0E1C,かいわ,ったら
0E1D,かいわ,って
0E1E,かいわ,っていうか
0E1F,かいわ,でも
0E20,かいわ,どうしても
0E21,かいわ,とうぜん
0E22,かいわ,とりあえず
0E23,かいわ,なるほど
0E24,かいわ,なんて
0E25,かいわ,なんでも
0E26,かいわ,なんとか
0E27,かいわ,なんとなく
0E28,かいわ,には
0E29,かいわ,にも
0E2A,かいわ,バッチリ
0E2B,かいわ,ほど
0E2C,かいわ,ほんと
0E2D,かいわ,まさに
0E2E,かいわ,マジ
0E2F,かいわ,まったく
0E30,かいわ,まで
0E31,かいわ,まるで
0E32,かいわ,ムード
0E33,かいわ,むしろ
0E34,かいわ,めっぽう
0E35,かいわ,モード
0E36,かいわ,もっと
0E37,かいわ,もはや
0E38,かいわ,やっと
0E39,かいわ,やっぱり
0E3A,かいわ,より
0E3B,かいわ,れば
1000,むすび,いたします
1001,むすび,おります
1002,むすび,か
1003,むすび,かい
1004,むすび,かしら
1005,むすび,かな？
1006,むすび,かも
1007,むすび,くれ
1008,むすび,ございます
1009,むすび,しがち
100A,むすび,します
100B,むすび,じゃ
100C,むすび,じゃん
100D,むすび,しよう
100E,むすび,ぜ！
100F,むすび,ぞ！
1010,むすび,た
1011,むすび,だ
1012,むすび,だからね
1013,むすび,だぜ
1014,むすび,だった
1015,むすび,だね
1016,むすび,だよ
1017,むすび,だよねー！
1018,むすび,だわ
1019,むすび,ッス
101A,むすび,ってかんじ
101B,むすび,っぱなし
101C,むすび,つもり
101D,むすび,ていない
101E,むすび,ている
101F,むすび,でーす！
1020,むすび,でした
1021,むすび,でしょ？
1022,むすび,でしょー！
1023,むすび,です
1024,むすび,ですか？
1025,むすび,ですよ
1026,むすび,ですわ
1027,むすび,どうなの？
1028,むすび,どうよ？
1029,むすび,とかいって
102A,むすび,なさい
102B,むすび,なの
102C,むすび,なのか
102D,むすび,なのだ
102E,むすび,なのよ
102F,むすび,なんだね
1030,むすび,なんです
1031,むすび,なんてね
1032,むすび,ね
1033,むすび,ねー
1034,むすび,の
1035,むすび,の？
1036,むすび,ばっかり
1037,むすび,まーす！
1038,むすび,ます
1039,むすび,ますわ
103A,むすび,ません
103B,むすび,みたいな
103C,むすび,もの
103D,むすび,もん
103E,むすび,よ！
103F,むすび,よー
1040,むすび,よーん
1041,むすび,よね
1042,むすび,るよ
1043,むすび,わけ
1044,むすび,わよ！
1200,きもち,あいたい
1201,きもち,あそびたい
1202,きもち,あわてて
1203,きもち,いきたい
1204,きもち,うかれて
1205,きもち,うれしい
1206,きもち,うれしさ
1207,きもち,エキサイト
1208,きもち,えらい
1209,きもち,おかしい
120A,きもち,オッケー
120B,きもち,かえりたい
120C,きもち,がっかり
120D,きもち,がっくし
120E,きもち,かなしい
120F,きもち,がんばって
1210,きもち,がんばる
1211,きもち,きがしない
1212,きもち,きがする
1213,きもち,ききたい
1214,きもち,きになる
1215,きもち,きのせい
1216,きもち,きらい
1217,きもち,くやしい
1218,きもち,くやしさ
1219,きもち,こわい
121A,きもち,さみしい
121B,きもち,ざんねん
121C,きもち,しあわせ
121D,きもち,したい
121E,きもち,したくない
121F,きもち,しまった
1220,きもち,しょんぼり
1221,きもち,しんじられない
1222,きもち,すき
1223,きもち,だいきらい
1224,きもち,たいくつ
1225,きもち,だいじ
1226,きもち,だいじに
1227,きもち,だいじょうぶ
1228,きもち,だいすき
1229,きもち,たいへん
122A,きもち,たのしい
122B,きもち,たのしすぎ
122C,きもち,たべたい
122D,きもち,たりない
122E,きもち,ちくしょー
122F,きもち,つらい
1230,きもち,つらかった
1231,きもち,どうしよう
1232,きもち,ナイス
1233,きもち,のみたい
1234,きもち,びっくり
1235,きもち,ふあん
1236,きもち,ほしい
1237,きもち,まてない
1238,きもち,まんぞく
1239,きもち,みたい
123A,きもち,めずらしい
123B,きもち,やだ
123C,きもち,やったー
123D,きもち,やばい
123E,きもち,やられた
123F,きもち,やられて
1240,きもち,よかった
1241,きもち,ロマン
1242,きもち,ろんがい
1243,きもち,わから
1244,きもち,わかり
1400,じょうたい,あつい
1401,じょうたい,あった
1402,じょうたい,あまり
1403,じょうたい,あり
1404,じょうたい,ある
1405,じょうたい,いい
1406,じょうたい,いか
1407,じょうたい,いきおい
1408,じょうたい,いける
1409,じょうたい,いじょう
140A,じょうたい,いそがしい
140B,じょうたい,いっしょに
140C,じょうたい,いっぱい
140D,じょうたい,いない
140E,じょうたい,いや
140F,じょうたい,いる
1410,じょうたい,うまい
1411,じょうたい,うまく
1412,じょうたい,うるさい
1413,じょうたい,おおきい
1414,じょうたい,おくれ
1415,じょうたい,おしい
1416,じょうたい,おとなしい
1417,じょうたい,おもしろい
1418,じょうたい,おもしろく
1419,じょうたい,かんぺき
141A,じょうたい,けっこう
141B,じょうたい,げんき
141C,じょうたい,さいこう
141D,じょうたい,さかさま
141E,じょうたい,さむい
141F,じょうたい,さわやか
1420,じょうたい,しかたない
1421,じょうたい,すごい
1422,じょうたい,すごすぎ
1423,じょうたい,すてき
1424,じょうたい,たいした
1425,じょうたい,たかい
1426,じょうたい,ただしい
1427,じょうたい,だめ
1428,じょうたい,ちいさい
1429,じょうたい,ちがう
142A,じょうたい,つかれ
142B,じょうたい,とくい
142C,じょうたい,トップ
142D,じょうたい,とまらない
142E,じょうたい,とんでもない
142F,じょうたい,ない
1430,じょうたい,なかった
1431,じょうたい,なし
1432,じょうたい,なって
1433,じょうたい,ぬるい
1434,じょうたい,はやい
1435,じょうたい,ひくい
1436,じょうたい,ひどい
1437,じょうたい,ひとりで
1438,じょうたい,ひま
1439,じょうたい,ひみつ
143A,じょうたい,ふしぎ
143B,じょうたい,ふそく
143C,じょうたい,ベスト
143D,じょうたい,へた
143E,じょうたい,まちがって
143F,じょうたい,やさしい
1440,じょうたい,よく
1441,じょうたい,よわって
1442,じょうたい,らく
1443,じょうたい,らしい
1444,じょうたい,わるい
1600,こうどう,あう
1601,こうどう,あきらめ
1602,こうどう,あげる
1603,こうどう,あせる
1604,こうどう,あそび
1605,こうどう,あそぶ
1606,こうどう,あつめ
1607,こうどう,あるき
1608,こうどう,あるく
1609,こうどう,いう
160A,こうどう,いく
160B,こうどう,いって
160C,こうどう,おき
160D,こうどう,おこり
160E,こうどう,おこる
160F,こうどう,おしえ
1610,こうどう,おしえて
1611,こうどう,おねがい
1612,こうどう,おぼえ
1613,こうどう,かえる
1614,こうどう,かたり
1615,こうどう,がまん
1616,こうどう,かわいがって
1617,こうどう,きいて
1618,こうどう,きく
1619,こうどう,きたえ
161A,こうどう,きめ
161B,こうどう,くる
161C,こうどう,こない
161D,こうどう,さがし
161E,こうどう,させ
161F,こうどう,さわぎ
1620,こうどう,しって
1621,こうどう,して
1622,こうどう,しない
1623,こうどう,しまう
1624,こうどう,じまん
1625,こうどう,しらない
1626,こうどう,しる
1627,こうどう,しんじて
1628,こうどう,する
1629,こうどう,たべる
162A,こうどう,つかう
162B,こうどう,つかえ
162C,こうどう,つかって
162D,こうどう,できない
162E,こうどう,できる
162F,こうどう,でない
1630,こうどう,でる
1631,こうどう,なげる
1632,こうどう,なやみ
1633,こうどう,ねられ
1634,こうどう,ねる
1635,こうどう,のがし
1636,こうどう,のむ
1637,こうどう,はしり
1638,こうどう,はしる
1639,こうどう,はたらき
163A,こうどう,はたらく
163B,こうどう,はなし
163C,こうどう,はなす
163D,こうどう,はまって
163E,こうどう,ぶつけ
163F,こうどう,ふり
1640,こうどう,ほめ
1641,こうどう,まくり
1642,こうどう,みせて
1643,こうどう,みて
1644,こうどう,みる
1645,こうどう,めざす
1646,こうどう,もって
1647,こうどう,ゆずる
1648,こうどう,ゆるす
1649,こうどう,ゆるせ
164A,こうどう,られない
164B,こうどう,られる
164C,こうどう,わかる
164D,こうどう,わすれ
1800,せいかつ,アルバイト
1801,せいかつ,うち
1802,せいかつ,おかね
1803,せいかつ,おこづかい
1804,せいかつ,おふろ
1805,せいかつ,かいわ
1806,せいかつ,がっこう
1807,せいかつ,きねん
1808,せいかつ,くせ
1809,せいかつ,グループ
180A,せいかつ,ことば
180B,せいかつ,コンビニ
180C,せいかつ,サービス
180D,せいかつ,しごと
180E,せいかつ,システム
180F,せいかつ,しゅぎょう
1810,せいかつ,じゅぎょう
1811,せいかつ,じゅく
1812,せいかつ,じょうほう
1813,せいかつ,せいかつ
1814,せいかつ,せんせい
1815,せいかつ,たいかい
1816,せいかつ,てがみ
1817,せいかつ,できごと
1818,せいかつ,デジタル
1819,せいかつ,テスト
181A,せいかつ,デパート
181B,せいかつ,テレビ
181C,せいかつ,でんわ
181D,せいかつ,どうぐ
181E,せいかつ,なまえ
181F,せいかつ,ニュース
1820,せいかつ,にんき
1821,せいかつ,パーティ
1822,せいかつ,べんきょう
1823,せいかつ,マシン
1824,せいかつ,メール
1825,せいかつ,メッセージ
1826,せいかつ,やくそく
1827,せいかつ,ゆめ
1828,せいかつ,ようちえん
1829,せいかつ,ライフ
182A,せいかつ,ラジオ
182B,せいかつ,レンタル
182C,せいかつ,ワールド
1A00,しゅみ,アイドル
1A01,しゅみ,アニメ
1A02,しゅみ,うた
1A03,しゅみ,えいが
1A04,しゅみ,おかし
1A05,しゅみ,おしゃべり
1A06,しゅみ,おままごと
1A07,しゅみ,おもちゃ
1A08,しゅみ,おんがく
1A09,しゅみ,カード
1A0A,しゅみ,かいもの
1A0B,しゅみ,カメラ
1A0C,しゅみ,かんしょう
1A0D,しゅみ,かんせん
1A0E,しゅみ,グルメ
1A0F,しゅみ,ゲーム
1A10,しゅみ,ごっこ
1A11,しゅみ,コレクション
1A12,しゅみ,コンプリート
1A13,しゅみ,ざっし
1A14,しゅみ,さんぽ
1A15,しゅみ,じてんしゃ
1A16,しゅみ,しゅみ
1A17,しゅみ,スポーツ
1A18,しゅみ,ソフト
1A19,しゅみ,ソング
1A1A,しゅみ,ダイエット
1A1B,しゅみ,たからもの
1A1C,しゅみ,たび
1A1D,しゅみ,ダンス
1A1E,しゅみ,チャンネル
1A1F,しゅみ,つくり
1A20,しゅみ,つり
1A21,しゅみ,デート
1A22,しゅみ,デザイン
1A23,しゅみ,でんしゃ
1A24,しゅみ,ぬいぐるみ
1A25,しゅみ,パソコン
1A26,しゅみ,はな
1A27,しゅみ,ヒーロー
1A28,しゅみ,ひるね
1A29,しゅみ,ヒロイン
1A2A,しゅみ,ファッション
1A2B,しゅみ,ぼうけん
1A2C,しゅみ,ボード
1A2D,しゅみ,ボール
1A2E,しゅみ,ほん
1A2F,しゅみ,まつり
1A30,しゅみ,まんが
1A31,しゅみ,やすみ
1A32,しゅみ,よてい
1A33,しゅみ,りゅうこう
1A34,しゅみ,りょこう
1A35,しゅみ,ルック
1C00,じかん,あき
1C01,じかん,あさ
1C02,じかん,あした
1C03,じかん,いちども
1C04,じかん,いちにち
1C05,じかん,いつか
1C06,じかん,いつも
1C07,じかん,いま
1C08,じかん,えいえん
1C09,じかん,おととい
1C0A,じかん,おわり
1C0B,じかん,かようび
1C0C,じかん,きのう
1C0D,じかん,きょう
1C0E,じかん,きんようび
1C0F,じかん,げつようび
1C10,じかん,このあと
1C11,じかん,このまえ
1C12,じかん,こんど
1C13,じかん,じかん
1C14,じかん,しゅうりょう
1C15,じかん,すいようび
1C16,じかん,すぐ
1C17,じかん,スタート
1C18,じかん,ずっと
1C19,じかん,ストップ
1C1A,じかん,そのうち
1C1B,じかん,ついに
1C1C,じかん,つぎ
1C1D,じかん,とき
1C1E,じかん,どようび
1C1F,じかん,なつ
1C20,じかん,にちようび
1C21,じかん,はじめ
1C22,じかん,はる
1C23,じかん,ひる
1C24,じかん,ふゆ
1C25,じかん,まいにち
1C26,じかん,むかし
1C27,じかん,もう
1C28,じかん,もうすぐ
1C29,じかん,もくようび
1C2A,じかん,よなか
1C2B,じかん,よる
1C2C,じかん,らいしゅう
1E00,あれこれ,ああ
1E01,あれこれ,あっち
1E02,あれこれ,あの
1E03,あれこれ,ありゃ
1E04,あれこれ,あれ
1E05,あれこれ,あれは
1E06,あれこれ,あんな
1E07,あれこれ,うえ
1E08,あれこれ,おく
1E09,あれこれ,こう
1E0A,あれこれ,こっち
1E0B,あれこれ,この
1E0C,あれこれ,こりゃ
1E0D,あれこれ,これ
1E0E,あれこれ,これだ
1E0F,あれこれ,これは
1E10,あれこれ,こんな
1E11,あれこれ,した
1E12,あれこれ,そう
1E13,あれこれ,そっち
1E14,あれこれ,その
1E15,あれこれ,そりゃ
1E16,あれこれ,それ
1E17,あれこれ,それだ
1E18,あれこれ,それは
1E19,あれこれ,そんな
1E1A,あれこれ,てまえ
1E1B,あれこれ,どう
1E1C,あれこれ,どっち
1E1D,あれこれ,どの
1E1E,あれこれ,どりゃ
1E1F,あれこれ,どれ
1E20,あれこれ,どれを
1E21,あれこれ,どんな
1E22,あれこれ,なに
1E23,あれこれ,なんか
1E24,あれこれ,なんだ
1E25,あれこれ,なんで
1E26,あれこれ,なんなんだ
1E27,あれこれ,なんの
1E28,あれこれ,ひだり
1E29,あれこれ,みぎ
2000,くりかえし,うろうろ
2001,くりかえし,がたがた
2002,くりかえし,カチカチ
2003,くりかえし,がつがつ
2004,くりかえし,ぎゅうぎゅう
2005,くりかえし,クスクス
2006,くりかえし,くるくる
2007,くりかえし,グルグル
2008,くりかえし,ごくごく
2009,くりかえし,ごろごろ
200A,くりかえし,さらさら
200B,くりかえし,しくしく
200C,くりかえし,ぜんぜん
200D,くりかえし,ダメダメ
200E,くりかえし,だらだら
200F,くりかえし,ドキドキ
2010,くりかえし,どんどん
2011,くりかえし,なでなで
2012,くりかえし,ぬるぬる
2013,くりかえし,はあはあ
2014,くりかえし,バキバキ
2015,くりかえし,ぱくぱく
2016,くりかえし,パラパラ
2017,くりかえし,バリバリ
2018,くりかえし,ふにゃふにゃ
2019,くりかえし,ふらふら
201A,くりかえし,ブルブル
201B,くりかえし,べろべろ
201C,くりかえし,ボロボロ
201D,くりかえし,ますます
201E,くりかえし,まだまだ
201F,くりかえし,めちゃめちゃ
2020,くりかえし,メラメラ
2021,くりかえし,ラブラブ
2022,くりかえし,るんるん
2023,くりかえし,わくわく
2200,イベント,アピール
2201,イベント,イベント
2202,イベント,おるすばん
2203,イベント,きのみ
2204,イベント,コンテスト
2205,イベント,しかいしゃ
2206,イベント,しんさいん
2207,イベント,スーパー
2208,イベント,ステージ
2209,イベント,でんどういり
220A,イベント,ノーマル
220B,イベント,ハイパー
220C,イベント,バトルタワー
220D,イベント,バトルリーダー
220E,イベント,バトルルーム
220F,イベント,ひでん
2210,イベント,ひみつきち
2211,イベント,ブレンド
2212,イベント,ポロック
2213,イベント,マスター
2214,イベント,ランク
2215,イベント,リボン
2216,イベント,クラッシュ
2217,イベント,ダイレクト
2218,イベント,タワー
2219,イベント,ユニオン
221A,イベント,ルーム
221B,イベント,ワイヤレス
2402,わざ１,からてチョップ
2403,わざ１,おうふくビンタ
2409,わざ１,かみなりパンチ
240D,わざ１,かまいたち
240F,わざ１,いあいぎり
2410,わざ１,かぜおこし
2413,わざ１,そらをとぶ
2414,わざ１,しめつける
241C,わざ１,すなかけ
241D,わざ１,ずつき
2425,わざ１,あばれる
2426,わざ１,すてみタックル
2427,わざ１,しっぽをふる
242C,わざ１,かみつく
242F,わざ１,うたう
2431,わざ１,ソニックブーム
2432,わざ１,かなしばり
2435,わざ１,かえんほうしゃ
2436,わざ１,しろいきり
243C,わざ１,サイケこうせん
243E,わざ１,オーロラビーム
2442,わざ１,じごくぐるま
2443,わざ１,けたぐり
2444,わざ１,カウンター
2446,わざ１,かいりき
2447,わざ１,すいとる
244A,わざ１,せいちょう
244C,わざ１,ソーラービーム
244E,わざ１,しびれごな
2451,わざ１,いとをはく
2455,わざ１,１０まんボルト
2457,わざ１,かみなり
2458,わざ１,いわおとし
2459,わざ１,じしん
245A,わざ１,じわれ
245B,わざ１,あなをほる
245E,わざ１,サイコキネシス
245F,わざ１,さいみんじゅつ
2461,わざ１,こうそくいどう
2463,わざ１,いかり
2467,わざ１,いやなおと
2468,わざ１,かげぶんしん
2469,わざ１,じこさいせい
246A,わざ１,かたくなる
246C,わざ１,えんまく
246D,わざ１,あやしいひかり
246E,わざ１,からにこもる
2472,わざ１,くろいきり
2474,わざ１,きあいだめ
2475,わざ１,がまん
2477,わざ１,オウムがえし
2478,わざ１,じばく
247A,わざ１,したでなめる
247B,わざ１,スモッグ
2480,わざ１,からではさむ
2481,わざ１,スピードスター
2484,わざ１,からみつく
2486,わざ１,スプーンまげ
248D,わざ１,きゅうけつ
248E,わざ１,あくまのキッス
248F,わざ１,ゴッドバード
2491,わざ１,あわ
2493,わざ１,キノコのほうし
2495,わざ１,サイコウェーブ
2498,わざ１,クラブハンマー
249D,わざ１,いわなだれ
249F,わざ１,かくばる
24A2,わざ１,いかりのまえば
24A3,わざ１,きりさく
24A6,わざ１,スケッチ
24A9,わざ１,クモのす
24AA,わざ１,こころのめ
24AB,わざ１,あくむ
24AC,わざ１,かえんぐるま
24AD,わざ１,いびき
24AF,わざ１,じたばた
24B1,わざ１,エアロブラスト
24B3,わざ１,きしかいせい
24B4,わざ１,うらみ
24B5,わざ１,こなゆき
24B8,わざ１,こわいかお
24BE,わざ１,オクタンほう
24C4,わざ１,こごえるかぜ
24C8,わざ１,げきりん
24C9,わざ１,すなあらし
24CA,わざ１,ギガドレイン
24CB,わざ１,こらえる
24CC,わざ１,あまえる
24CD,わざ１,ころがる
24CF,わざ１,いばる
24D1,わざ１,スパーク
24D4,わざ１,くろいまなざし
24D7,わざ１,いやしのすず
24D8,わざ１,おんがえし
24DB,わざ１,しんぴのまもり
24DC,わざ１,いたみわけ
24DD,わざ１,せいなるほのお
24E3,わざ１,アンコール
24E4,わざ１,おいうち
24E5,わざ１,こうそくスピン
24E6,わざ１,あまいかおり
24E7,わざ１,アイアンテール
24E9,わざ１,あてみなげ
24EA,わざ１,あさのひざし
24EB,わざ１,こうごうせい
24EE,わざ１,クロスチョップ
24F0,わざ１,あまごい
24F2,わざ１,かみくだく
24F4,わざ１,じこあんじ
24F5,わざ１,しんそく
24F6,わざ１,げんしのちから
24F7,わざ１,シャドーボール
24F9,わざ１,いわくだき
24FA,わざ１,うずしお
24FD,わざ１,さわぐ
2502,わざ１,あられ
2503,わざ１,いちゃもん
2504,わざ１,おだてる
2505,わざ１,おにび
2506,わざ１,おきみやげ
2507,わざ１,からげんき
2508,わざ１,きあいパンチ
2509,わざ１,きつけ
250A,わざ１,このゆびとまれ
250B,わざ１,しぜんのちから
250C,わざ１,じゅうでん
2518,わざ１,かわらわり
2519,わざ１,あくび
251B,わざ１,がむしゃら
251D,わざ１,スキルスワップ
2520,わざ１,おんねん
252D,わざ１,アイスボール
2535,わざ１,コメットパンチ
2536,わざ１,おどろかす
2537,わざ１,ウェザーボール
2538,わざ１,アロマセラピー
2539,わざ１,うそなき
253A,わざ１,エアカッター
253B,わざ１,オーバーヒート
253C,わざ１,かぎわける
253D,わざ１,がんせきふうじ
253E,わざ１,ぎんいろのかぜ
253F,わざ１,きんぞくおん
2540,わざ１,くさぶえ
2541,わざ１,くすぐる
2542,わざ１,コスモパワー
2543,わざ１,しおふき
2544,わざ１,シグナルビーム
2545,わざ１,シャドーパンチ
2546,わざ１,じんつうりき
2547,わざ１,スカイアッパー
2548,わざ１,すなじごく
2549,わざ１,ぜったいれいど
2562,わざ１,サイコブースト
2601,わざ２,はたく
2604,わざ２,れんぞくパンチ
2605,わざ２,メガトンパンチ
2606,わざ２,ネコにこばん
2607,わざ２,ほのおのパンチ
2608,わざ２,れいとうパンチ
260A,わざ２,ひっかく
260B,わざ２,はさむ
260C,わざ２,ハサミギロチン
260E,わざ２,つるぎのまい
2611,わざ２,つばさでうつ
2612,わざ２,ふきとばし
2615,わざ２,たたきつける
2616,わざ２,つるのムチ
2617,わざ２,ふみつけ
2618,わざ２,にどげり
2619,わざ２,メガトンキック
261A,わざ２,とびげり
261B,わざ２,まわしげり
261E,わざ２,つのでつく
261F,わざ２,みだれづき
2620,わざ２,つのドリル
2621,わざ２,たいあたり
2622,わざ２,のしかかり
2623,わざ２,まきつく
2624,わざ２,とっしん
2628,わざ２,どくばり
2629,わざ２,ダブルニードル
262A,わざ２,ミサイルばり
262B,わざ２,にらみつける
262D,わざ２,なきごえ
262E,わざ２,ほえる
2630,わざ２,ちょうおんぱ
2633,わざ２,ようかいえき
2634,わざ２,ひのこ
2637,わざ２,みずでっぽう
2638,わざ２,ハイドロポンプ
2639,わざ２,なみのり
263A,わざ２,れいとうビーム
263B,わざ２,ふぶき
263D,わざ２,バブルこうせん
263F,わざ２,はかいこうせん
2640,わざ２,つつく
2641,わざ２,ドリルくちばし
2645,わざ２,ちきゅうなげ
2648,わざ２,メガドレイン
2649,わざ２,やどりぎのタネ
264B,わざ２,はっぱカッター
264D,わざ２,どくのこな
264F,わざ２,ねむりごな
2650,わざ２,はなびらのまい
2652,わざ２,りゅうのいかり
2653,わざ２,ほのおのうず
2654,わざ２,でんきショック
2656,わざ２,でんじは
265C,わざ２,どくどく
265D,わざ２,ねんりき
2660,わざ２,ヨガのポーズ
2662,わざ２,でんこうせっか
2664,わざ２,テレポート
2665,わざ２,ナイトヘッド
2666,わざ２,ものまね
266B,わざ２,ちいさくなる
266F,わざ２,まるくなる
2670,わざ２,バリアー
2671,わざ２,ひかりのかべ
2673,わざ２,リフレクター
2676,わざ２,ゆびをふる
2679,わざ２,タマゴばくだん
267C,わざ２,ヘドロこうげき
267D,わざ２,ホネこんぼう
267E,わざ２,だいもんじ
267F,わざ２,たきのぼり
2682,わざ２,ロケットずつき
2683,わざ２,とげキャノン
2685,わざ２,ドわすれ
2687,わざ２,タマゴうみ
2688,わざ２,とびひざげり
2689,わざ２,へびにらみ
268A,わざ２,ゆめくい
268B,わざ２,どくガス
268C,わざ２,たまなげ
2690,わざ２,へんしん
2692,わざ２,ピヨピヨパンチ
2694,わざ２,フラッシュ
2696,わざ２,はねる
2697,わざ２,とける
2699,わざ２,だいばくはつ
269A,わざ２,みだれひっかき
269B,わざ２,ホネブーメラン
269C,わざ２,ねむる
269E,わざ２,ひっさつまえば
26A0,わざ２,テクスチャー
26A1,わざ２,トライアタック
26A4,わざ２,みがわり
26A5,わざ２,わるあがき
26A7,わざ２,トリプルキック
26A8,わざ２,どろぼう
26AE,わざ２,のろい
26B0,わざ２,テクスチャー２
26B2,わざ２,わたほうし
26B6,わざ２,まもる
26B7,わざ２,マッハパンチ
26B9,わざ２,だましうち
26BA,わざ２,てんしのキッス
26BB,わざ２,はらだいこ
26BC,わざ２,ヘドロばくだん
26BD,わざ２,どろかけ
26BF,わざ２,まきびし
26C0,わざ２,でんじほう
26C1,わざ２,みやぶる
26C2,わざ２,みちづれ
26C3,わざ２,ほろびのうた
26C5,わざ２,みきり
26C6,わざ２,ボーンラッシュ
26C7,わざ２,ロックオン
26CE,わざ２,みねうち
26D0,わざ２,ミルクのみ
26D2,わざ２,れんぞくぎり
26D3,わざ２,はがねのつばさ
26D5,わざ２,メロメロ
26D6,わざ２,ねごと
26D9,わざ２,プレゼント
26DA,わざ２,やつあたり
26DE,わざ２,マグニチュード
26DF,わざ２,ばくれつパンチ
26E0,わざ２,メガホーン
26E1,わざ２,りゅうのいぶき
26E2,わざ２,バトンタッチ
26E8,わざ２,メタルクロー
26EC,わざ２,つきのひかり
26ED,わざ２,めざめるパワー
26EF,わざ２,たつまき
26F1,わざ２,にほんばれ
26F3,わざ２,ミラーコート
26F8,わざ２,みらいよち
26FB,わざ２,ふくろだたき
26FC,わざ２,ねこだまし
26FE,わざ２,たくわえる
26FF,わざ２,はきだす
2700,わざ２,のみこむ
2701,わざ２,ねっぷう
270D,わざ２,ちょうはつ
270E,わざ２,てだすけ
270F,わざ２,トリック
2710,わざ２,なりきり
2711,わざ２,ねがいごと
2712,わざ２,ねこのて
2713,わざ２,ねをはる
2714,わざ２,ばかぢから
2715,わざ２,マジックコート
2716,わざ２,リサイクル
2717,わざ２,リベンジ
271A,わざ２,はたきおとす
271C,わざ２,ふんか
271E,わざ２,ふういん
271F,わざ２,リフレッシュ
2721,わざ２,よこどり
2722,わざ２,ひみつのちから
2723,わざ２,ダイビング
2724,わざ２,つっぱり
2725,わざ２,ほごしょく
2726,わざ２,ほたるび
2727,わざ２,ラスターパージ
2728,わざ２,ミストボール
2729,わざ２,フェザーダンス
272A,わざ２,フラフラダンス
272B,わざ２,ブレイズキック
272C,わざ２,どろあそび
272E,わざ２,ニードルアーム
272F,わざ２,なまける
2730,わざ２,ハイパーボイス
2731,わざ２,どくどくのキバ
2732,わざ２,ブレイククロー
2733,わざ２,ブラストバーン
2734,わざ２,ハイドロカノン
274A,わざ２,だくりゅう
274B,わざ２,タネマシンガン
274C,わざ２,つばめがえし
274D,わざ２,つららばり
274E,わざ２,てっぺき
274F,わざ２,とおせんぼう
2750,わざ２,とおぼえ
2751,わざ２,ドラゴンクロー
2752,わざ２,ハードプラント
2753,わざ２,ビルドアップ
2754,わざ２,とびはねる
2755,わざ２,マッドショット
2756,わざ２,ポイズンテール
2757,わざ２,ほしがる
2758,わざ２,ボルテッカー
2759,わざ２,マジカルリーフ
275A,わざ２,みずあそび
275B,わざ２,めいそう
275C,わざ２,リーフブレード
275D,わざ２,りゅうのまい
275E,わざ２,ロックブラスト
275F,わざ２,でんげきは
2760,わざ２,みずのはどう
2761,わざ２,はめつのねがい
2A01,ポケモン,フシギダネ
2A02,ポケモン,フシギソウ
2A03,ポケモン,フシギバナ
2A04,ポケモン,ヒトカゲ
2A05,ポケモン,リザード
2A06,ポケモン,リザードン
2A07,ポケモン,ゼニガメ
2A08,ポケモン,カメール
2A09,ポケモン,カメックス
2A0A,ポケモン,キャタピー
2A0B,ポケモン,トランセル
2A0C,ポケモン,バタフリー
2A0D,ポケモン,ビードル
2A0E,ポケモン,コクーン
2A0F,ポケモン,スピアー
2A10,ポケモン,ポッポ
2A11,ポケモン,ピジョン
2A12,ポケモン,ピジョット
2A13,ポケモン,コラッタ
2A14,ポケモン,ラッタ
2A15,ポケモン,オニスズメ
2A16,ポケモン,オニドリル
2A17,ポケモン,アーボ
2A18,ポケモン,アーボック
2A19,ポケモン,ピカチュウ
2A1A,ポケモン,ライチュウ
2A1B,ポケモン,サンド
2A1C,ポケモン,サンドパン
2A1D,ポケモン,ニドラン♀
2A1E,ポケモン,ニドリーナ
2A1F,ポケモン,ニドクイン
2A20,ポケモン,ニドラン♂
2A21,ポケモン,ニドリーノ
2A22,ポケモン,ニドキング
2A23,ポケモン,ピッピ
2A24,ポケモン,ピクシー
2A25,ポケモン,ロコン
2A26,ポケモン,キュウコン
2A27,ポケモン,プリン
2A28,ポケモン,プクリン
2A29,ポケモン,ズバット
2A2A,ポケモン,ゴルバット
2A2B,ポケモン,ナゾノクサ
2A2C,ポケモン,クサイハナ
2A2D,ポケモン,ラフレシア
2A2E,ポケモン,パラス
2A2F,ポケモン,パラセクト
2A30,ポケモン,コンパン
2A31,ポケモン,モルフォン
2A32,ポケモン,ディグダ
2A33,ポケモン,ダグトリオ
2A34,ポケモン,ニャース
2A35,ポケモン,ペルシアン
2A36,ポケモン,コダック
2A37,ポケモン,ゴルダック
2A38,ポケモン,マンキー
2A39,ポケモン,オコリザル
2A3A,ポケモン,ガーディ
2A3B,ポケモン,ウインディ
2A3C,ポケモン,ニョロモ
2A3D,ポケモン,ニョロゾ
2A3E,ポケモン,ニョロボン
2A3F,ポケモン,ケーシィ
2A40,ポケモン,ユンゲラー
2A41,ポケモン,フーディン
2A42,ポケモン,ワンリキー
2A43,ポケモン,ゴーリキー
2A44,ポケモン,カイリキー
2A45,ポケモン,マダツボミ
2A46,ポケモン,ウツドン
2A47,ポケモン,ウツボット
2A48,ポケモン,メノクラゲ
2A49,ポケモン,ドククラゲ
2A4A,ポケモン,イシツブテ
2A4B,ポケモン,ゴローン
2A4C,ポケモン,ゴローニャ
2A4D,ポケモン,ポニータ
2A4E,ポケモン,ギャロップ
2A4F,ポケモン,ヤドン
2A50,ポケモン,ヤドラン
2A51,ポケモン,コイル
2A52,ポケモン,レアコイル
2A53,ポケモン,カモネギ
2A54,ポケモン,ドードー
2A55,ポケモン,ドードリオ
2A56,ポケモン,パウワウ
2A57,ポケモン,ジュゴン
2A58,ポケモン,ベトベター
2A59,ポケモン,ベトベトン
2A5A,ポケモン,シェルダー
2A5B,ポケモン,パルシェン
2A5C,ポケモン,ゴース
2A5D,ポケモン,ゴースト
2A5E,ポケモン,ゲンガー
2A5F,ポケモン,イワーク
2A60,ポケモン,スリープ
2A61,ポケモン,スリーパー
2A62,ポケモン,クラブ
2A63,ポケモン,キングラー
2A64,ポケモン,ビリリダマ
2A65,ポケモン,マルマイン
2A66,ポケモン,タマタマ
2A67,ポケモン,ナッシー
2A68,ポケモン,カラカラ
2A69,ポケモン,ガラガラ
2A6A,ポケモン,サワムラー
2A6B,ポケモン,エビワラー
2A6C,ポケモン,ベロリンガ
2A6D,ポケモン,ドガース
2A6E,ポケモン,マタドガス
2A6F,ポケモン,サイホーン
2A70,ポケモン,サイドン
2A71,ポケモン,ラッキー
2A72,ポケモン,モンジャラ
2A73,ポケモン,ガルーラ
2A74,ポケモン,タッツー
2A75,ポケモン,シードラ
2A76,ポケモン,トサキント
2A77,ポケモン,アズマオウ
2A78,ポケモン,ヒトデマン
2A79,ポケモン,スターミー
2A7A,ポケモン,バリヤード
2A7B,ポケモン,ストライク
2A7C,ポケモン,ルージュラ
2A7D,ポケモン,エレブー
2A7E,ポケモン,ブーバー
2A7F,ポケモン,カイロス
2A80,ポケモン,ケンタロス
2A81,ポケモン,コイキング
2A82,ポケモン,ギャラドス
2A83,ポケモン,ラプラス
2A84,ポケモン,メタモン
2A85,ポケモン,イーブイ
2A86,ポケモン,シャワーズ
2A87,ポケモン,サンダース
2A88,ポケモン,ブースター
2A89,ポケモン,ポリゴン
2A8A,ポケモン,オムナイト
2A8B,ポケモン,オムスター
2A8C,ポケモン,カブト
2A8D,ポケモン,カブトプス
2A8E,ポケモン,プテラ
2A8F,ポケモン,カビゴン
2A90,ポケモン,フリーザー
2A91,ポケモン,サンダー
2A92,ポケモン,ファイヤー
2A93,ポケモン,ミニリュウ
2A94,ポケモン,ハクリュー
2A95,ポケモン,カイリュー
2A96,ポケモン,ミュウツー
2A97,ポケモン,ミュウ
2A98,ポケモン,チコリータ
2A99,ポケモン,ベイリーフ
2A9A,ポケモン,メガニウム
2A9B,ポケモン,ヒノアラシ
2A9C,ポケモン,マグマラシ
2A9D,ポケモン,バクフーン
2A9E,ポケモン,ワニノコ
2A9F,ポケモン,アリゲイツ
2AA0,ポケモン,オーダイル
2AA1,ポケモン,オタチ
2AA2,ポケモン,オオタチ
2AA3,ポケモン,ホーホー
2AA4,ポケモン,ヨルノズク
2AA5,ポケモン,レディバ
2AA6,ポケモン,レディアン
2AA7,ポケモン,イトマル
2AA8,ポケモン,アリアドス
2AA9,ポケモン,クロバット
2AAA,ポケモン,チョンチー
2AAB,ポケモン,ランターン
2AAC,ポケモン,ピチュー
2AAD,ポケモン,ピィ
2AAE,ポケモン,ププリン
2AAF,ポケモン,トゲピー
2AB0,ポケモン,トゲチック
2AB1,ポケモン,ネイティ
2AB2,ポケモン,ネイティオ
2AB3,ポケモン,メリープ
2AB4,ポケモン,モココ
2AB5,ポケモン,デンリュウ
2AB6,ポケモン,キレイハナ
2AB7,ポケモン,マリル
2AB8,ポケモン,マリルリ
2AB9,ポケモン,ウソッキー
2ABA,ポケモン,ニョロトノ
2ABB,ポケモン,ハネッコ
2ABC,ポケモン,ポポッコ
2ABD,ポケモン,ワタッコ
2ABE,ポケモン,エイパム
2ABF,ポケモン,ヒマナッツ
2AC0,ポケモン,キマワリ
2AC1,ポケモン,ヤンヤンマ
2AC2,ポケモン,ウパー
2AC3,ポケモン,ヌオー
2AC4,ポケモン,エーフィ
2AC5,ポケモン,ブラッキー
2AC6,ポケモン,ヤミカラス
2AC7,ポケモン,ヤドキング
2AC8,ポケモン,ムウマ
2AC9,ポケモン,アンノーン
2ACA,ポケモン,ソーナンス
2ACB,ポケモン,キリンリキ
2ACC,ポケモン,クヌギダマ
2ACD,ポケモン,フォレトス
2ACE,ポケモン,ノコッチ
2ACF,ポケモン,グライガー
2AD0,ポケモン,ハガネール
2AD1,ポケモン,ブルー
2AD2,ポケモン,グランブル
2AD3,ポケモン,ハリーセン
2AD4,ポケモン,ハッサム
2AD5,ポケモン,ツボツボ
2AD6,ポケモン,ヘラクロス
2AD7,ポケモン,ニューラ
2AD8,ポケモン,ヒメグマ
2AD9,ポケモン,リングマ
2ADA,ポケモン,マグマッグ
2ADB,ポケモン,マグカルゴ
2ADC,ポケモン,ウリムー
2ADD,ポケモン,イノムー
2ADE,ポケモン,サニーゴ
2ADF,ポケモン,テッポウオ
2AE0,ポケモン,オクタン
2AE1,ポケモン,デリバード
2AE2,ポケモン,マンタイン
2AE3,ポケモン,エアームド
2AE4,ポケモン,デルビル
2AE5,ポケモン,ヘルガー
2AE6,ポケモン,キングドラ
2AE7,ポケモン,ゴマゾウ
2AE8,ポケモン,ドンファン
2AE9,ポケモン,ポリゴン２
2AEA,ポケモン,オドシシ
2AEB,ポケモン,ドーブル
2AEC,ポケモン,バルキー
2AED,ポケモン,カポエラー
2AEE,ポケモン,ムチュール
2AEF,ポケモン,エレキッド
2AF0,ポケモン,ブビィ
2AF1,ポケモン,ミルタンク
2AF2,ポケモン,ハピナス
2AF3,ポケモン,ライコウ
2AF4,ポケモン,エンテイ
2AF5,ポケモン,スイクン
2AF6,ポケモン,ヨーギラス
2AF7,ポケモン,サナギラス
2AF8,ポケモン,バンギラス
2AF9,ポケモン,ルギア
2AFA,ポケモン,ホウオウ
2AFB,ポケモン,セレビィ
FFFF,ーーーーー,ーーーーー
